id,services,approach,request_time,response_time,total_time
doa_1,10,doa,1663005384300,1663005384361,61
doa_2,10,doa,1663005384435,1663005384486,51
doa_3,10,doa,1663005384539,1663005384588,49
doa_4,10,doa,1663005384649,1663005384697,48
doa_5,10,doa,1663005384760,1663005384816,56
doa_6,10,doa,1663005384870,1663005384946,76
doa_7,10,doa,1663005384976,1663005385071,95
doa_8,10,doa,1663005385090,1663005385171,81
doa_9,10,doa,1663005385204,1663005385284,80
doa_10,10,doa,1663005385316,1663005385406,90
doa_11,10,doa,1663005385439,1663005385580,141
doa_12,10,doa,1663005385557,1663005385680,123
doa_13,10,doa,1663005385672,1663005385790,118
doa_14,10,doa,1663005385794,1663005385902,108
doa_15,10,doa,1663005385905,1663005386027,122
doa_16,10,doa,1663005386026,1663005386312,286
doa_17,10,doa,1663005386153,1663005386403,250
doa_18,10,doa,1663005386299,1663005386469,170
doa_19,10,doa,1663005386427,1663005386585,158
doa_20,10,doa,1663005386536,1663005386686,150
doa_21,10,doa,1663005386647,1663005386821,174
doa_22,10,doa,1663005386765,1663005386951,186
doa_23,10,doa,1663005386874,1663005387046,172
doa_24,10,doa,1663005386990,1663005387177,187
doa_25,10,doa,1663005387114,1663005387303,189
